query_id,r1_precision@5,r1_precision@10,r1_precision@15,r2_precision@5,r2_precision@10,r2_precision@15
0,0.2,0.1,0.06666666666666667,0.2,0.3,0.26666666666666666
1,0.2,0.1,0.06666666666666667,0.4,0.2,0.2
2,0.2,0.1,0.06666666666666667,0.4,0.5,0.4
3,0.2,0.1,0.06666666666666667,0.2,0.1,0.13333333333333333
4,0.6,0.3,0.2,0.4,0.2,0.2
5,0.4,0.3,0.26666666666666666,0.4,0.5,0.4
